"list_topic_question_creators","list_topics","list_topic_question_titles","list_topic_questions","list_topic_question_timestamps"
"180.252.121.175","tfl8xwx1cgbviqqr","untuk lexus rx 350 tahun 2008, berapa pemakaian bahan bakar bensin per liter per kilometernya","untuk lexus rx 350 tahun 2008, berapa pemakaian bahan bakar bensin per liter per kilometernya","2016-11-18T18:29:25Z"
"Farenheit giataulu","tfk8xubo0igacm9u","Sejara gereja Sumatera- Batak","mau tanya, apa visi misi Nomensen datang ke Sumatera Batak.","2016-11-18T07:42:57Z"
"112.215.174.206","tfirvcx9vpfff95r","materi tentang kekerasan anak di wikepedia","mau nanya soal kekerasan terhadap anak,,daftar pustaka/sumber dari tipe terjadinya kekerasan terhadap anak itu dari mana ? mohon bantuannya","2016-11-17T15:50:01Z"
"Aidil Aqsa","tfi88n6jw12il5hq","mulai menulis","<nowiki>saya mau tulis artikel tapi tidak tau tulis nya di mana~~~~</nowiki>","2016-11-17T09:57:31Z"
"Muhammad faiz azhari","tfhbmp8a0qj71s6x","Rempeyek Yutuk","Saya sudah melakukan penyuntingan pada halaman Rempeyek Yutuk, tapi kenapa peringatan di atas halaman tersebut belum hilang?","2016-11-17T00:11:58Z"
"Dahlan Nur Busri","tfc7or2dnoc91t5v","Apa Wikipedia?","Mohon Jelaskan tugas dan maksud Wikipedia","2016-11-14T17:09:01Z"
"Hasan0807","tf9mx1tdcdbzsle5","test","Artikel pertama","2016-11-13T13:23:13Z"
"Berkah ya forman","tf9mnepkr6vhybir","SAYA INGIN BERGABUNG DENGAN WIKIPEDIA","ASSALAMUALAIKUM....  SALAM HORMAT,  Besar harapan saya bergabung dengan WIKIPEDIA.  Terima kasih atas perhatian dan waktunya.  Terima Kasih  Wassalam..","2016-11-13T13:18:24Z"
"Randy Arex","tf5b6b7hqzemljz9","cara masuk Wikipedia gimana","cara masuk Wikipedia gimana","2016-11-11T14:46:38Z"
"180.253.21.233","tf1wbkkrvkjb46k9","karakteristik dan pemanfaatan terakota","karakteristik dan pemanfaatan terakota","2016-11-10T02:00:37Z"
"Aloisius Kalli","tf0hpdmwipp2zj2h","untuk masuk wikipedia","kalau masuk kembali nanti gi mana caranya..?","2016-11-09T10:51:44Z"
"BP09Zahra","tf01dcdxg93tpz4v","hapus akun wikipedia","saya ingin menghapus akun wikipedia saya, bagaimana caranya?","2016-11-09T05:58:26Z"
"Muhammad Nahrowi","texr1ssg5rc48bak","Bagaimana cara membuat halaman profil perusahaan baru ?","Hallo, salam kenal kepada semua rekan wikipedia indonesia, perkenalkan saya M.Nahrowi, saya baru bergabung di wikipedia, saya ingin mendaftarakan informasi mengenai jenis usaha baru kami. bagaimana caranya ya ?  Terimakasih","2016-11-08T05:20:15Z"
"182.253.62.115","tevsf21dtvgat3gd","Kotapinang","Kepada editor wikipedia bahasa indonesia.   Saya seorang siswa yang bertempat tinggal di Kotapinang, Labuhanbatu Selatan. Saat saya mencari artikel mengenai Kotapinang, saya menyadari bahwa hampir semua artikel salah menuliskan nama daerah. 'Kotapinang' seharusnya dituliskan tanpa menggunakan spasi, bukan 'Kota Pinang'. Semoga kesalahan-kesalahan ini dapat segera diperbaiki, karena telah mengganti nama daerah dan mengurangi keakuratan informasi dalam wikipedia.  Terima kasih.","2016-11-07T08:11:57Z"
"Angga anggoro","tethokpj62raf51d","naruto","bagaimana cara membuat wikia naruto","2016-11-06T07:26:19Z"
"Trinanda","tete9j3j0wpc310o","Membuat Biografi","Halo bagaimana cara membuat Biografi sendiri di  Wikipedia? kalau dari persyaratan sudah memenuhi, tapi tidak tahu caranya. Trimakasih","2016-11-06T06:24:57Z"
"Reno Salon","term84bjyp0yqift","Cara Membuat Artikel","Bagaimana cara membuat artikel?","2016-11-05T11:15:02Z"
"Lilisbillyteddyfranko","terexcb4a1brdu4d","bagaimana","Bagaimana cara menulis wikipedia ?","2016-11-05T09:03:58Z"
"K still Alive","terdmit5uec1u41y","apa itu Xi. audio file format","saya menggunakan aplikasi audio 8-bit, kemudian saya lihat ada file dengan format xi. saya ingin mengatahui apa itu Xi. audio file format  {{FlowMention|Kenrick95}},{{FlowMention|Murbaut}} mungkin anda bisa membantu, saya melihat anda banyak memjawab pertanyaan maka dari itu  '''SIAPA SAJA''' '''MOHON BANTUANYA'''","2016-11-05T08:44:58Z"
"Sriyanto spd","ter3rtt565ldmria","menyunting","bagaimana cara menyunting wikipedia agar bisa tersimpan?","2016-11-05T05:43:42Z"
"Iyudi","tenjajcglcp0baz9","materi tentang kalium serum","ko belum saya temukan perihal mengenai pemahasan kalium serum ya..  kalau ada mohon bantuan untuk di tag yah","2016-11-03T15:16:39Z"
"Reno Salon","ten2wfp7y6khux57","membuat buku","saya tidak tahu bagaimana cara menambahkan halaman saat membuat buku.","2016-11-03T10:22:19Z"
"ActionCOACH South Jakarta","temqn79rdpzzjlxf","saya tidak paham bagaimana cara publish page yang sudah saya buat?","Saya sudah coba buat, hasilnya seperti ini.   [[Pengguna:ActionCOACH South Jakarta]]  Bagaimana caranya ya utk publish?","2016-11-03T06:42:14Z"
"GEMAPALA FIB USU","tekjq3zltk80ujc6","saya mau tau sejarah berdirinya mapala","saya mau tau sejarah berdirinya mapala","2016-11-02T07:05:08Z"
"Ahmad Yusuf Y","teiozyduw8wceo1t","Bertanya","ka mau nanya, kalo misalkan kita pengen buat sesuatu yg penting gitu di wikipedia, izin dulu atau engga ya? trus izinnya ke siapa? makasih  saya baru jadi anggota wikipedia","2016-11-01T11:07:44Z"
"Ronald Tarsan","teijsysz3dowtqa5","Ronald Tarsan","Bagaimana cara menulis di Wikipedia?","2016-11-01T09:33:42Z"
"Dery Busaeri, SE","tee6w527ore4v518","sejarah islam","saya suka menulusuri sejarah dunia islam tolong bantu","2016-10-30T10:36:08Z"
"Puck you","tebchhuhp3iu81oy","Apresiasi Kain","adakah artikel tentang apresiasi kain ? misalnya kain satin..","2016-10-29T03:57:16Z"
"202.67.37.46","tea2fyb47pskr0h8","spanduk","saya mau bertanya apa ada yang tau sejarah spanduk","2016-10-28T14:10:31Z"
"Dulhadi.","te7z01eu1zz0sa5g","B","Saya lupa kata sandi","2016-10-27T15:35:51Z"
"114.199.118.42","te5hzxvsfd8i1dmp","TUAN RUMAH PIALA AFF 2016 DAN PEMBAGIAN GRUP SALAH","Tuan rumah Piala AFF Grup A adalah Filipina. Sedangkan, Grup B adalah Myanmar.   Pembagian Grup.  Grup A: Filipina (Tuan Rumah), Indonesia, Thailand, Singapura  Grup B: Myanmar (Tuan Rumah), Malaysia, Vietnam, pemenang kualifikasi.  Demikian koreksi ini saya sampaikan. Terima kasih.","2016-10-26T12:57:41Z"
"Muhammad Javier Raihandaffa","te3lbezaej81nws4","Membuat Artikel/Halaman yang Belum Tersedia","Assalamu'alaikum Warahmatullah Wabarakatuh. Bagaimana cara saya dapat membuat artikel/halaman yang belum tersedia di wikipedia? Terima kasih","2016-10-25T16:24:24Z"
"ShandySheptiana","te3c4w9ltysn3qnx","tolong bantu","bagaiman sih cara untuk melihat penyuntingan hasil saya","2016-10-25T13:39:33Z"
"Azzam aviero","te2zwzur3jmxhy8i","Pembaruan penyuntingan","Mas, saya sudah menambahkan dan menuyuting, tapi kok pas saya cek lagi belum berubahya, mohon infonya? terimakasih...","2016-10-25T10:00:08Z"
"103.241.206.26","te0jhe4jcphvshfx","perbedaan neutron cepat dan neutron termal.","Selamat siang, sy ingin bertanya mengenai perbedaan neutron cepat dan neutron termal?. Mungkin jika ada yang bisa membantu mohon bisa dibagikan informasinya. Terimakasih.","2016-10-24T07:32:11Z"
"Djalilbm","tdyhil2fip6sqr9u","Prof._Andi_Asadul_Islam,_Ph.D,_MD","gimana caranya melanjutkan sampai tuntas?","2016-10-23T09:24:01Z"
"Aulia Rahmadani","tdy6zm8esgtt087z","geografi sosial","kenapa belum ada di tambahkan penjelasan mengenai geografi sosial?","2016-10-23T06:14:59Z"
"120.188.65.56","tdu2n94w1d0qmh8d","kikako","negara ap yang  beriklim sub tropis","2016-10-21T09:51:16Z"
"Religionagamaadrian","tdtc7h5hay63ul1i","tulisan saya hilang ?","mengapa tulisan saya yang belum ada lima belas menit lalu menghilang ?","2016-10-21T01:56:32Z"
"Ninujn","tdrq7afkcx0dhibi","sejarah","Sejarah dan perkembangan musik Singapura","2016-10-20T08:34:58Z"
"Fikrijuliandani","tdponzq2sqz0tr2l","Permintaan penghapusan","Assalamualaikum Wr Wb, saya fikri juliandani dari perusahaan Arsysoft, ingin meminta untuk penghapusan konten. Dulu saya pernah membuat artikel mengenai perusahaan saya (Arsysoft) di wikipedia, namun wikipedia telah menghapusnya, akan tetapi pada search engine google masih terpampang nama Arsysoft dengan catatan penghapusan. Saya minta tolong segera catatan itu dihapus saja ""Nama Arsysoft"" dalam wikipedia. Dan juga penghapusan konten foto logo perusahaan pada wikimedia commons. Terima kasih","2016-10-19T10:34:59Z"
"Muhammad nur qolbi","tdopjfb64efblewy","Penyakit Types","Penyakit Typhus atau Demam Tifoid (bahasa Inggris: Typhoid fever) yang biasa juga disebut typhus atau types dalam bahasa Indonesianya, merupakan penyakit yang disebabkan oleh bakteri Salmonella enterica, khususnya turunannya yaitu Salmonella Typhi terutama menyerang bagian saluran pencernaan. Demam tifoid adalah penyakit infeksi akut yang selalu ada di masyarakat (endemik) di Indonesia, mulai dari usia balita, anak-anak dan dewasa. Menurut keterangan dr. Arlin Algerina, SpA, dari RS Internasional Bintaro, Di Indonesia, diperkirakan antara 800 – 100.000 orang terkena penyakit tifus atau demam tifoid sepanjang tahun. Demam ini terutama muncul di musim kemarau dan konon anak perempuan lebih sering terserang, peningkatan kasus saat ini terjadi pada usia dibawah 5 tahun.","2016-10-19T00:03:47Z"
"Ruslan saiful","tdnz3o57jshhx46p","mencari perusahaan rokok","assalamu alaikum wr wb..  saya di sini hadir untuk mencari sebuah perusahaan yang bisa membantu saya, barang kali di sini ada yang cari cengke, karena kendala saya tidak tau di mana saya harus menjual hasil panen saya,,..","2016-10-18T16:09:03Z"
"AkhmadRifai","tdnspjlyrkdakojg","Bagaimana menambahkan Foto lencana","Bagaimana menambahkan Foto lencana di sebelah kanan deksripsi ?","2016-10-18T14:14:16Z"
"Hendrasianturi","tdmzpz0u2vxog6fz","cara membuat biografi","cara membuat biografi","2016-10-18T05:33:45Z"
"Armando Uno","tdmnhiyx18ws366t","artikel khatolik","bagaimana cara saya dapat membaca puji syukur agama khatolik.....??? bisa di jelaskan","2016-10-18T01:54:04Z"
"Evan Tanurahardja","tdlf0o6i8u604jwk","Modernisasi dan Dependensi","arti dari kedua kata ini","2016-10-17T12:35:34Z"
"Richo etho","tdidxq2t6rfk70bq","Tolong data penduduk distrik abepura","Data","2016-10-16T03:56:51Z"
"A.Gigatera Halil M","tdhxg4egn97wayf4","Halo...","bagaimana kalau saya edit/tambahkan suatu artikel... dan terjadi kesalahn di dalamnya... tanpa sepengetahuan saya... apa yang akan saaya lakukan atau orang lain lakukn terhadap artikel yang salah itu?","2016-10-15T23:00:46Z"
"TEGOWATI SUMARNO.P","tddprymqifs4ii51","selamat pagi","halo wikipedia, senang bergabung disini. berawal iseng liat2 wikipedia dan aku melihat tentang desaku yang tidak sesuai. untuk itu aku bergabung dan berharap bisa menjadi editor untuk desaku tercinta.","2016-10-14T01:37:19Z"
"Khalilgibranhsb","tdb79psi4glt9769","Verifikasi","gimana cara verivikasi halaman baru saya   terimakasih","2016-10-12T22:32:08Z"
"Kamocy","td97l9nukvh31ty6","kamocy","menurut saya kamocy adalah sebuah klub motor yang berharga dan dibentuk oleh kakak saya kenapa harus dihapus {{FlowMention|Bonaditya}} ?","2016-10-12T01:05:02Z"
"Moh. Dafikul Mufid","td8rnn9p2g0zf0gl","Selamat malam","Bagaimana cara mengubah foto profil","2016-10-11T20:18:55Z"
"Yoga Putra Prathama","td5yqv20qi9bihh5","verifikasi","Selamat malam,   tolong verifikasi halaman baru yang saya buat.   Terimakasih","2016-10-10T14:06:56Z"
"Danu wihara purba","td5k14kacdcs5s99","Sejarah desa hariang","Saya mau di papatkan tentang desa hatiang","2016-10-10T09:42:42Z"
"Rizaldi Mu'min","td4b1f093zwfewrl","Apakah riset kami bisa di muat, jika itu kita dapat dari pengalaman pribadi di tambah teori-teori dari sumber terpercaya?","Wikipedia:warung kopi","2016-10-09T20:14:49Z"
"Yoga Putra Prathama","td3tvif9n9htldgx","Tidak bisa merubah Templat","Selamat malam, saya ingin memperbarui informasi mengenai halaman wikipedia Kecamatan Purbolinggo untuk menambahkan beberapa kolom seperti peta derah dan lain sebagainya. Saya sudah mengeditnya untuk menambahkan kode pos, kode telepon, ibu kota tetapi masih belum berubah dan bagaimana untuk merubahnya? terimakasih. mohon infomrasinya","2016-10-09T15:06:36Z"
"Mahakam Bahari","td0z5p5cai1ho48y","Unggah Gambar","Saya mau menambahkan gambar, bagaimana caranya?","2016-10-08T08:22:11Z"
"Asad09unhas","td0z5gludij5tkok","Membuat artikel Dimas Kanjeng?","bisa tidak seperti sosok dimas kanjeng dibuatkan artikel?","2016-10-08T08:22:04Z"
"Mutia Arsita","td0z57h69tauxc0c","unggah gambar","Saya ingin menambahkan gambar bagaimana ya caranya","2016-10-08T08:21:56Z"
"Mohamad Ardi","td0z522ofqrgr57w","Tambah Video","Saya ingin menambahkan video, gimana caranya?","2016-10-08T08:21:52Z"
"Rider.chat","td0z4o6m4u5wk28x","Unggah Gambar","Saya ingin menambahkan gambar, bagaimana ya caranya?","2016-10-08T08:21:40Z"
"Yenni ambarwati","td0fwcreqs19vm7g","Bolehkah dan Bagaimana Cara Menghapus Link Mati di Referensi ?","Salam,  Saya penyunting baru di Wikipedia ,  Saya mau tanya, boleh gak link mati yang saya temukan dihapus ?   dan bagaimana cara menghapus link mati yang ada di bagian referensi yang dilindungi  Terimakasih","2016-10-08T02:36:21Z"
"Ilstream","tcyf7udydlv1tps3","Peredam Panas & Suara","Halo, saya mewakili graciamakmursejahtera.com (member hilonisulation.com). Beberapa waktu yang lalu saya menyunting 2 tautan karena kurang relevan dan semata hanya bertujuan pada penjualan atau sign up untuk kebutuhan marketing.  Web GMS sendiri lebih kepada pembelajaran. Mohon dicek jika ada yg kurang berkenan.  Terimakasih.","2016-10-07T04:51:16Z"
"Deweezz","tcy0oqov5rl128m4","Suntingan artikel tanah liat","Permisi saudara admin {{FlowMention|Hidayatsrf}}, kenapa ya suntingan tambahan dari saya dibalikkan? ada yang salah atau bagaimana? Terima kasih.","2016-10-07T00:33:03Z"
"Mollysyoso","tcwf5fjf0rk2mwbw","Hi..","Hi Wiki , Hi Julian , Saya adalah pengguna barumu. Saya ingin bertanya , apakah yg membedakan google dan wiki ? Apa wikipedia(versi indonesia) merupakan bagian dari wikileaks ? atau ? . Terima Kasih.","2016-10-06T07:17:12Z"
"Keb011","tcw1q6apfmhq639a","saya ingin belajar mengetahui tentang computer","saya ingin mengetahui cara hacker dia dunia membuat perangkat lunak sendiri?","2016-10-06T03:16:09Z"
"Sopar ependi","tcvzr61i6df9ag2m","universitas galuh","info jurusan?","2016-10-06T02:40:44Z"
"Riansyah adiepoetra","tcv7qi6t0vnoeifu","google","Gimana cara buka google tetapi pengen tetep di halaman ini?","2016-10-05T18:17:38Z"
"Ryushaa","tcsaemyrvvfn4dtn","Ruang nama","Halo semua, pada pengajuan menjadi seorang editor, saya dihadapkan dengan kalimat '''ruang nama''' dan Minimal memiliki 5 ruang nama. Apa yang dimaksud dengan ruang nama itu? Terima Kasih","2016-10-04T10:46:17Z"
"AgustarmaQ","tcs3hll95lx24r30","Wikimania","''Hallo,Wikipedia saya sangat puas apa yang menjadi identitas untuk umum namun saya sarankan jangan terisolir dengan keadaan jaman. saya cuma sedikit periklanan sekarang sangat maju pesat dengan kemajuan sebuah jaman saya sangat mensyukuri terima kasih.''","2016-10-04T11:37:27Z"
"Ryushaa","tcrhu41dr0nnq9j6","Membuat Halaman Pengguna","Halo Wikipediawan! saya baru di Wikipedia. Saya mau bertanya, bagaimana cara membuat halaman pengguna yang seperti pada umumnya. Apakah ada template khusus atau bagaimana. Trima Kasih ^_^","2016-10-04T02:13:16Z"
"36.80.247.214","tcpjxmdgc3x7p9m0","kuningan","bagaimana proses pembuatan kuningan (logam)?","2016-10-03T05:18:05Z"
"Siarlingkungan","tcntucrxvn5xzaqg","Cara menghapus kata pengguna","Saya mau bertanya, bagaimana cara menghapus kata '''pengguna''' di   '''Pengguna:siarlingkungan''' menjadi '''Siarlingkungan.'''  Terimakasih.","2016-10-02T10:43:09Z"
"Ganiwijaya","tcnhpmhe95pef2dv","Merubah judul agar bisa diganti huruf kapital","Halo, saya baru saja membuat halaman berjudul Eny sagita. Lalu, ketika saya mencari ""Eny Sagita"" (huruf S nya kapital) ternyata ada halaman kosong. Jadi beda huruf kapital, beda halaman. Lalu halaman Eny Sagita saya alihkan ke Eny sagita agar tidak terjadi kesamaan halaman yang ada di Wikipedia.  Pertanyaannya, apakah halaman ""Eny sagita"" yang saya sunting bisa diganti judul jadi ""Eny Sagita"" (dengan S kapital)? karena menurut saya tidak ada menu untuk merubah pengaturan tersebut. Terimakasih.","2016-10-02T07:05:19Z"
"Wahab Netizen","tcn2g9k4b60fywui","Join together","Mari semua ayo gabung kita saling bertukar pikiran bersama disini","2016-10-02T02:31:18Z"
"Hbib Maryam","tclqly116s1oplfn","0643833779","Salam labs 3liik adiiin mook wa dir liya jaime","2016-10-01T12:12:14Z"
"Viki Ramadhan","tcl6kqea6heaa905","Kenapa tokoh medis militer terbaik dihapus","Halo wiki dan pengurus, saya ingin menanyakan kenapa halaman wiki atas Mayjen TNI Terawan Agus Putranto dihapus? Beliau tokoh berjasa di negeri ini dalam bidang penemuan brain wash dan beliau juga tokoh militer serta ahli radiologi, halaman wiki beliau di hapus oleh pengurus erik fastman, terima kasih.","2016-10-01T06:12:30Z"
"Sri Rahayu","tcj5t1bzaheda0kl","tolong wiki bagaimana caranya untuk melihat penyuntingan hasil saya","Halo wiki,, saya ingin bertanya, bagaiman sih cara untuk melihat penyuntingan hasil saya??{{FlowMention|Sri Rahayu}}","2016-09-30T08:25:49Z"
"Metropolitan city3","tciwd8eera431tza","Tolong dong kasih tau cara mengganti password wiki","Halo wiki . Saya ingin bertanya . Apa bisa user wiki diganti password . Soalnya saya punya masalah dengan gmail saya (gmail saya udah di hack orang) . Terus takutnya user wiki saya juga di hack . Makanya saya ingin merubah password user wiki ini . Bisa tidak membantu saya ?","2016-09-30T05:36:20Z"
"Ilham Ramadhan","tcgz1jtnv9ehf0c1","menerjemahkan artikel yang sedang di terjemahkan user lain","Hallo. saya ingin bertanya. saya ini ingin menerjemahkan artikel dari en.wikipedia.org . tetapi artikel itu sedang dalam proses terjemahan oleh orang lain. bagaimana cara menerjemahkannya ya. maaf, saya user baru.","2016-09-29T08:51:31Z"
"Sangidu","tcct6x5nvq58nafz","saya ingin mengunggah gambar gambar,hak cipta saya tapi saya tidak tau caranya ..mohon bantuannya","Mohon di bantu","2016-09-27T12:00:44Z"
"36.74.225.117","tcc8ccekhd7opddq","Data link layer","data link layer berfungsi untuk","2016-09-27T05:46:21Z"
"36.74.225.117","tcc85b4gfxtw8ovy","Routing","apa yang di maksud dengan routing","2016-09-27T05:42:51Z"
"202.67.46.21","tcc6lolb3nv8nrdw","adakah yang tau defini cabang cabang ai dan contohnya ?","adakah yang tau defini cabang cabang ai dan contohnya ?","2016-09-27T05:15:06Z"
"Umsida1912","tcb44qz4i8de1vas","penempatan logo institusi","dimana kami bisa menempatkan logo institusi","2016-09-26T17:44:19Z"
"Sujiun Liu Refrand","tcaskkm0voyx4snp","halo, sya ingin bertanya panduan untuk menulis artikel figur yang belum ada di wikipedia","hallo, sya Frans Liu untuk redaksional menulis, saya mau tanya cara menulis artikel baru yang belum ada di wikipedia. saya biasa menulis se sosok figure dan figur yang mau saya tulis sudah tampil di kanca internasional dan nasional untuk kemanusiaan. tolong panduannya untuk memulai itu. saya ingin menyunting tentang Capt. Budi Soehardi. tolong tata caranya dikiri ke email atau tempat yg bisa terkonek langsung untuk saya menulis tentang beliau. thanks","2016-09-26T14:16:44Z"
"Muhammad candra anotz","tcaqv9y3pf6vu0zm","Membuat Proposal","Caranya","2016-09-26T13:46:09Z"
"Andigidaw","tc9v7znmpeg0uj0z","suntingan wikipedia","<nowiki>saya pemula. saya ingin bertanya. bolehkah saya menyunting puisi karya saya disini? ~~~~</nowiki>","2016-09-26T04:17:53Z"
"97Putra","tc7k4hp02y79tbr6","Terjemahan","bolehkah mengunggah artikel terjemahan dari wikipedia bahasa inggris ke wikipedia bahasa indonesia?","2016-09-25T03:25:46Z"
"Khairah umma yunus","tc77f6codjvi01j6","perlu penjelasan","saya ingin bertanya bagaimana cara melihat daftar pustaka perparagraf ?","2016-09-24T23:37:40Z"
"Muhammad Taufik Mirzan","tc6wqnmkhnqm491f","Memperbarui Artikel Wikipedia untuk Pemula","Saya adalah pemula. Saya ingin bertanya. Bagaimana cara agar suntingan baru artikel wikipedia yang telah saya lakukan dapat langsung ditampilkan ke pembaca/pengguna lainnya dan tidak lagi berstatus revisi tertunda? Mohon bantuannya dan terima kasih","2016-09-24T20:25:52Z"
"Moh Agus Solihin jh","tc6u3kiafwa8oypw","Perlu penjelasa dan tata cara penyuntingan","Mohon bantuan, saya pemula, jika saya berkontribusi dalam penyuntingan artikel, dan ada kesalahan apakah bisa diubah atau dihapus kembali bagian yang salah tersebut ? Juga apa saya melanggar jika ada kesalahan dalam penyuntingan ?","2016-09-24T19:38:26Z"
"Maulanalucifer","tc5j4rqrary0bl0f","Saya minta bantuannya saya baru pemula.","Mohon bantuannya.!?","2016-09-24T05:35:05Z"
"Romi ali","tc5gqw74erl5sxds","apa wikipedia bisa mencari saluran tv?","apa wikipedia bisa mencari saluran tv?","2016-09-24T04:52:44Z"
"36.81.173.175","tc479i67rb56f4wv","Pulau Bunaken","apa saja keindahan pulau Bunaken ?","2016-09-23T15:15:33Z"
"Link musik indonesia","tc3bgx3c0azzlbnl","foto","bagamana uploud foto","2016-09-23T05:44:38Z"
"JooHeon943","tc32a236l4teiij9","bagaimana cara membuat artikel"," bagaimana caranya membuat artikel pertama","2016-09-23T02:59:36Z"
"Suindra wardana","tc1puwjh37d1fwmx","bagaimana cara memasukkan gammiliterbar di artikel dan di sunting ke wekipedia","Bagaimana cara memasukkan gambar di artikel  dan di upload ke wikipedia","2016-09-22T12:30:08Z"
"Widyanindita","tbz9hm4wboczrm8y","tugas kuliah","Halo, saya baru membuat akun wikipedia. Tujuan saya membuat akun ini adalah sebagai pemenuhan tugas kuliah, dimana kami diharuskan untuk membuat artikel wikipedia yang nantinya digunakan sebagai nilai UTS kami yang berbobot 30%.  Saya ingin menanyakan apakah bisa artikel yang kami buat tidak dihapus sampai tanggal tertentu? Karena apabila artikel kami dihapus sebelum tanggal penilaian maka kami otomatis dianggap mendapat nilai 0.   Mohon bantuannya dari para penjaga wikipedia.","2016-09-21T10:03:21Z"
"Puchicatos","tbyi4iula4pcs4tt","Gambar Banner di Website Lisensi-nya Masuk Poster-kah?","Halo semua, baru-baru ini saya meng-upload gambar banner dari sebuah [[Lonceng Cinta|sinetron]]  Namun, saya mengalami kesulitan menentukan lisensi-nya untuk sementara saya meng-uploadnya dengan lisensi poster. Mohon petunjuk, karena di petunjuk lisensi tidak ada untuk banner.","2016-09-21T01:53:09Z"
"Swadi harianja 92","tbxw1fymtopvvrwb","pohon gaharu","saya ingin tahu kegunaan pohon gaharu?","2016-09-20T19:15:25Z"
"Rahmadi si mawar hitam","tbxhmmy80htbmabc","ingin mengatahui sejarah putaran dunia..","saya pendatang baru,saya ingin mengatahui segala perputaran sejarah-sejarah yang ada dimuka bumi ini.apa kah bisa membantu saya.karna saya ingin menambah wawasan lebih jauh lagi.","2016-09-20T14:56:39Z"
"Ramdhan zulfikri","tbxbe05gdz87agu5","Buat halaman","Maaf saya orang baru jadi banyak tanya bagaimana cara buat halaman  [[Pengguna:Ramdhan zulfikri|Ramdhan zulfikri]] ([[Pembicaraan Pengguna:Ramdhan zulfikri|bicara]]) 20 September 2016 13.04 (UTC)","2016-09-20T13:04:36Z"
"Ramdhan zulfikri","tbxaq9ii9q0gpyuw","Unsur unsur surat perjanjian","Tolong buatkan artikel tentang di atas saya ingin mengetahuinya terima kasih [[Pengguna:Ramdhan zulfikri|Ramdhan zulfikri]] ([[Pembicaraan Pengguna:Ramdhan zulfikri|bicara]]) 20 September 2016 12.52 (UTC)","2016-09-20T12:52:46Z"
"Eko suharsono","tbwvv7xagw6cuj5u","saya ingin tahu","saya ingin tahu bahan bakar mobil dari potongan kayu","2016-09-20T08:25:53Z"
"Ebyn1707","tbvro3pin4cohjq0","Periksa Halaman","= Baru Sungai Tutung, Air Hangat Timur, Kerinci = Tolong di periksa halaman tersebut, agar mempermudah pemirsa.","2016-09-19T20:24:05Z"
"Kamus simeulue","tbvbghi2oqla839e","usulan pranala luar kamus bahasa simeulue Devayan","Saya pendatang baru di wikipedia ingin sekali meletakkan kamus bahasa simeulue devayan di wikipedia untuk membantu khalayak ramai memahami dan belajar bahasa simeulue devayan dan yang terpenting menjaga Bahasa simeulue Devayan itu sendiri agar tetap utuh ke anak cucu mohon bimbingannya cara agar kamus bahasa simeulue dengan alamat Bahasasimeulue,blogspot,co,id dapat tampil di wikipedia karena saya lihat masih sangat di bawah minimal kata kamus bahasa simeulue di wikipedia,  Salam hormat saya Penulis Kamus bahasa simeulue","2016-09-19T15:32:59Z"
"Alfan 321","tbu589q2eeh8almc","Kata bijak","Saya mau tanya apakah tidak ingin membuat kata kata bijak atau semacam nya untuk membuat pembaca menjadi semangat atau semacam nya terima kasih","2016-09-19T02:54:43Z"
"Samsul ma'ruf","tbnxoap6ds2mgtsq","Cara memperbarui profil","Assalamuallaikum sahabat wiki .. Saya orang baru disini. Saya mau tanya bagaimana cara memperbarui informasi profil sendiri ??","2016-09-17T15:45:25Z"
"Danuabdullah0704","tbne622ww608mrks","IZIN KOPI PASTE","Mas, maaf sebelumnya saya sudah njiplak / ngcopy sedikit artike tntg pendidikan dan jiwa, dan skrg bru izin mnta.. terima kasih...","2016-09-16T02:10:13Z"
"Mochamad Faliq","tbn4cu83bc6y4v4v","akun baru","setiap membuat akun wiki apa langsung ter-index di google search ?","2016-09-15T23:14:02Z"
"Yusra Hendra","tblrxjl3x42t0vr6","bagaimana cara memasukkan foto?","bagaimana cara memasukkan foto?","2016-09-15T08:44:30Z"
"Azka kiti","tbjxnutcb97b0qkx","Sungtin profil","Bagaimana cara menambakan foto profil","2016-09-14T12:54:32Z"
"Leonardo Sirait","tbjqz5ajyo3nn3vp","Leo nardo Sirait","bagaimana bikin foto di wikipedia","2016-09-14T10:54:29Z"
"Keviiintan","tbh1n02neugifwuw","Bagaimana cara menaruh foto di profil seseorang di Wikipedia?","Bagaimana cara menaruh foto di profil seseorang di Wikipedia?","2016-09-13T05:46:39Z"
"Jebe nawawi","tbf2v0lqeo1509sv","Mohon bantu edit","Saya membuat fieldhockeybox, tapi karena keterbatasan kemampuan saya dalam coding, selalu muncul },{ di templat tersebut. apakah ada yang bisa membantu saya memberikan solusi","2016-09-12T08:35:45Z"
"Adriana reyes","tb7zx64sjj1dfkcw","Versi Stabil","Saya baru menyunting profil idola saya Nabila Syakieb. Tapi lama sekali ditinjau untuk jadi versi stabil. Kira2 berapa lama bisa menjadi jadi versi stabil, agar info2 tentang dia bisaus  terterupdate di wikipedia.  terima kasih.","2016-09-09T04:17:56Z"
"Abdul Kafi Mubarok","tb6cy4erzyqco1b3","Lingkungan Hidup","saya ingin melestarikan lingkungan, dan mengajak seluruh dunia untuk peduli lingkungan dengan langkah awal yaitu mempostikan artikel di Wikepedia.","2016-09-08T10:38:59Z"
"Ebyn1707","tb3901ijsr3ffz5p","Berapa lama ""perubahan menunggu tinjau""","= Artikel ini tolong di tinjau : = * = Simpang Empat Sungai Tutung, Air Hangat Timur, Kerinci = * = Baru Sungai Tutung, Air Hangat Timur, Kerinci = * = Taman Jernih Sungai Tutung, Air Hangat Timur, Kerinci = * = Sungai Tutung, Air Hangat Timur, Kerinci =  tolong di periksa, agar cepat di lihat oleh orang lain.  trimakasih.","2016-09-07T01:08:50Z"
"Ebyn1707","tb2xlbqez153lcyb","tolong agan/sista, artikel yg telah saya revisi ini di aproved","tolong yg telah revisi di aproved mas {{FlowMention|Kenrick95}}  *  = Simpang Empat Sungai Tutung, Air Hangat Timur, Kerinci = *  = Baru Sungai Tutung, Air Hangat Timur, Kerinci = *  = Taman Jernih Sungai Tutung, Air Hangat Timur, Kerinci = *  = Sungai Tutung, Air Hangat Timur, Kerinci = * Tolong bantuannya gan.","2016-09-06T21:43:58Z"
"Juhariariari83","tb264dagoowr3iox","terima kasih atas bantuannya warkop wikipedia sudah bisa bergabung","{{FlowMention|Juhariariari83}}","2016-09-06T13:30:41Z"
"Galatia Puspa","tazbyliazv8gmf6t","Mengetahui hasil review halaman yang kita unggah","Halo selamat siang,  Saya ingin bertanya bagaimana cara mengetahui kelayakan halaman yang sudah diunggah? Kira-kira butuh berapa lama halaman tersebut direview?   Sebelumnya terimakasih atas atensinya {{FlowMention|Kenrick95}}","2016-09-05T06:56:15Z"
"Gitta Vania","tazambpx9hkwuu9v","Membuat postingan baru.","Saya memiliki tugas UTS dari kampus untuk memposting artikel di wikipedia. Jika artikel tsb terhapus oleh wikipedia, maka saya tidak akan mendapatkan nilai di waktu yg sudah di tentuka. Saya mau bertanya, kira kira berapa lama postingan tsb akan di revisi dan akan ketahuan terhapus atau tidaknya? Jika terhapus apakah artikel tsb masih berada di file account wiki atau terhapus sama sekali? terimakasih.","2016-09-05T06:32:11Z"
"Wijaya rio","tawtkzcd84exc6o2","bagaimana cara melampirkan foto di wikipedia? mohon bantuannya","bagaimana cara melampirkan foto di wikipedia? mohon bantuannya","2016-09-04T03:53:23Z"
"Sinta Angela","taujqnf5fqzew2wt","Apakah wikipedia hanya diperuntungkan untuk menyunting?","Apakah wikipedia hanya diperuntungkan untuk menyunting?Ataukah bisa untuk menambahkan artikel baru?","2016-09-03T03:23:48Z"
"183.171.27.53","tatagorr6xaig1yg","APAKAH MAKSUD TETIKUS DALAM BAHASA KOMPUTER","APAKAH MAKSUD TETIKUS DALAM BAHASA KOMPUTER","2016-09-02T13:50:47Z"
"Ebyn1707","tarzhk6fkyxibyz7","Validasi Halaman","Tolong validasi halaman SMA Negeri 13 Kerinci ya agan {{FlowMention|Kenrick95}}","2016-09-01T23:47:16Z"
"Lina Raulina","taqk3t1749v6fhvx","Kontributor","Hai semua....selamat siang...(saya mengetiknya pas siang hari hari...hehehe)  Ada beberapa pertanyaan yg mau saya tanyakan, mungkin admin berkenan untuk menjawabnya :  1.Kalau saya mau jadi kontributor untuk wikipedia bagaimana caranya ya...(karena saya new comer)  2.Bagaimana saya bisa tau kalau artikel yg saya kirim itu diterbitkan  3.Apakah saya dapat kompensasi jika artikel saya diterbitkan ? Jika dapat, dalam bentuk apa kompensasinya ? uang atau apa ?  4.Artikel apa saja yg bisa saya kirimkan ?  5.Ada contact person yg bisa saya hubungi ?  Terima kasih banyak ya","2016-09-01T08:24:38Z"
"Ghifari Aldiansyah","taqduw6on8zcdtud","Gimana cara untuk membuat artikel baru di Wikipedia?","Hallo! Gimana ya caranya untuk membuat artikel baru di Wikipedia?","2016-09-01T06:32:27Z"
"Numosh","tan4x7eeej9js0f0","Revisi Artikel Profil","Halo, boleh tolong di validasi revisi untuk artikel [[Atiek Nur Wahyuni]]. Terimakasih","2016-08-30T19:32:43Z"
"M.I.F.T.A","tamwsg9150ftqqdi","Tidak mengerti","Saya tidak mengerti dan ini baru pertama kali mencoba","2016-08-30T17:06:41Z"
"Vein wibowo","tamdxt69y3iuwfc0","Untuk erik fastman","saya harap teman teman tidak di hapus artikel nya begitu saja sama erik fastman....  karena sayang sekali sudah cape cape ngetik, tapi di hapus begitu saja. berikan penjelasan kepada kami bagaimana cara memposting artikel di wikipedia agar tidak di hapus sama erik fastman...apakah tidak boleh permalink kah...atau tidak boleh di hyperlink ke website luar kah...atau bagaimana...?  mohon penjelasan nya buat pak kenrick95 yang baik hati... :)  thanks...","2016-08-30T11:28:11Z"
"Vein wibowo","tamczfoekvduo0gd","posting artikel","cara memposting artikel ke dalam wikipedia agar tidak di hapus sembarangan sama erik fastman bagaimana ya...?? kebijakan nya seperti apa...  atau tidak boleh kah artikel tersebut di permalink ke website luar...???  Thanks","2016-08-30T11:11:03Z"
"Natalie 1312","tai4yl9wvtrcb58c","Arti Thumbnail","Apa arti thumbnail ??","2016-08-28T13:41:15Z"
"Binna nugraha","taedvqjvgpeibj9x","kenapa revisi editan saya belum di setujui saja sampai saat ini","Saya telah banyak menambahkan data tentang yuniza icha namun mengapa belum tergati dan diperbaharui sampai saat ini . Saya dari pihak yuniza icha langsung . Mengubah dan menambahkan data dengan persetujuan yuniza icha langsung .","2016-08-26T21:15:43Z"
"Maxhav10","tablyinphxw1q5vd","GAGAL MENGUBAH FOTO","Mengapa saya selalu gagal mengubah foto lama dengan foto baru?","2016-08-25T15:21:28Z"
"Maxhav10","tabkkmky1pzmgs7y","mengubah foto","Bagaimana saya mengubah foto pada box sebelah kanan?  Foto sekarang yang ditampilkan di wikipedia, adalah foto yang lama.  TERIMA KASIH","2016-08-25T14:56:35Z"
"Jerremyari","ta8658myi2a40yfh","berita olah raga","bagaimana untuk mengedit","2016-08-24T02:18:13Z"
"Tofan Kaluara","ta5uy93x225aeqsc","kesulitan pada mengupload foto","halo, ini pertama kalinya saya mencoba menulis di wikipedia. dan setelah akan mengupload foto saya tidak bisa mengaksesnya atau fotonya tidak bisa di upload pada halaman Wikipedia cerita yang saya muat.   mohon info bantuannya....Terima Kasih Admin","2016-08-23T01:24:22Z"
"Abdul Hanif of Juna","ta4vg5dgbzz2va3n","bertanya","halo, ini pertama kali nya saya mencoba menulis di wikipedia.    apabila saya ingin mencari sofware yang penting apa boleh...?","2016-08-22T14:46:51Z"
"Sherly novianty","ta45s1b3h48v00aq","kata-kata penting","halo, ini pertama kali nya saya mencoba menulis di wikipedia.   apabila saya ingin menuliskan topik yg ada di wikiepedia sebelumnya, apakah diperbolehkan ?","2016-08-22T07:05:55Z"
"Ryansyahmujizathakim","t9w0ng210k4myl94","mempertentangkan nominasi penghapusan","Selamat Malam @[[Pengguna:Rachmat04|Rachmat04]] @[[Pengguna:Kenrick95|Kenrick95]] bisakah artikel ""Sahattua Simatupang"" diusulkan untuk tidak dihapus? beliau merupakan salah satu tokoh pelaut Indonesia dan pejabat tinggi pratama di lingkungan Kementerian Perhubungan yang cukup populer dengan berbagai inovasi di bidang maritim dan pelayaran niaga, bisa Anda search melalui Google atau bisa Anda lihat di acara metro tv, 21 September 2015 jam 11:22 WIB membahas tentang Dampak Positif Penerapan Skema BLU di Pelabuhan. Beliau juga berperan secara aktif dalam terpilihnya kembali Indonesia sebagai Anggota Dewan Organisasi Maritim Internasional (IMO) tahun 2011-2013 kemudian tahun 2016-2017. saya secara sukarela berniat untuk membantu mengembangkan wikipedia untuk mengangkat tokoh-tokoh pelaut terkemuka dan ahli kepelabuhanan serta tokoh lainnya yang memiliki kiprah terbaik dalam bidang kemaritiman guna membagi informasi. sebagaimana tokoh militer yang terdapat di wikipedia, kiranya merupakan suatu hal yang baik apabila tokoh-tokoh pelaut dapat diangkat juga sebagai tanda bahwa Indonesia merupakan bangsa pelaut. untuk itu, saya mohon koreksi dan bimbingannya terkait perbaikan apa yang perlu disesuaikan pada artikel yang saya buat. untuk informasi pranala luar atau referensi sudah ditambahkan. mohon pencerahannya.   Terima Kasih sebelumnya.   Salam   RYAN","2016-08-18T15:24:46Z"
"SMA Informatika Ciamis","t9vu20m8224g2294","Mengubah Nama Pengguna?","Bagai Mana Caranya merubah nama pengguna di wikipedia?","2016-08-18T13:23:59Z"
"Eko Hadi Prasetio","t9qnn1x6e9vrdfqx","Perkenalan","Saya adalah pemula. Bolehkah saya membuat artikel tentang diri saya disini. Jika boleh apa persyaratannya.","2016-08-16T05:36:38Z"
"120.164.40.161","t9pt40u53528xkig","Pertanyaan sekaligus permohonan penulisan kembali halaman octa sanjana","assalamualaikum {{FlowMention|Rachmat04}},{{FlowMention|Kenrick95}} kenapa halaman octa sanjana harus dihapus, octa sanjana adalah stand up comedian dari blitar yang baru saja turun dari stand up comedy academy indosiar￼ bisa dibilang dia komika nasional yang dimiliki indonesia","2016-08-15T20:28:27Z"
"Lazuardead","t9mr2dql72ayc1ox","Darwin Mahesa","Hallo {{FlowMention|Rachmat04}},{{FlowMention|Kenrick95}} bisakah artikel ""Darwin Mahesa"" dikembalikan atau ditulis ulang? Dia merupakan sineas di Banten yang cukup populer dengan karya-karya film Indie nya, bisa anda search melalui google, atau bisa anda lihat di acara Tonight Show, Jumat 19 Agustus 2016 jam 23.00 di NET TV membahas kesuksesan anak muda itu membawa film Indie Indonesia ke New Zealand.","2016-08-14T11:32:26Z"
"Waharos java","t9l8lgdkga2ueelv","Bantuan","Kenapa catatan saya tidak bisa di tampilkan selalu referensi","2016-08-13T19:14:20Z"
"MaulidinFirst","t9g42nsebhhu77jy","id.wikipedia.org","Situs anda brengsek, masak ketika ada tokoh pemuda di edit oleh pihak tertentu, di biarkan oleh wikipedia, tidak profesional situs ini bisa di obrak-abrik situs anda tidak layak kami kira, bagian menghancurkan anak bangsa juga","2016-08-11T12:00:59Z"
"Irmaa Imaa","t9fh3229apj8vvwi","Cara membuat postingan","Cara membuat postingan?","2016-08-11T05:08:11Z"
"Meliana anggelica kandriady","t9bmgmx45v8e5jkl","apa yang dimaksud masa prapaskah","apa yang dimaksud masa [[Prapaskah|'''''prapaskha''''']]","2016-08-09T11:39:01Z"
"Honolulu8989","t998h0m6peatx86w","tidak tahu cara daftar JADI MEMBER..","saya mau daftar menjadi pembuat akun tapi saya tidak tahu cara daftar","2016-08-09T08:48:35Z"
"Araaaabbb","t977yi3zvleq7j78","Revisi Terperiksa","Tolong tinjaukan halaman ini [[Dimas Oky Nugroho]] untuk direvisi Terperiksa hingga menjadi Aktif. Karena sudah ada 16 perubahan tertunda hingga saat ini belum ada hasil selanjutnya. {{FlowMention|Adhityaranggaputra}},{{FlowMention|Andres Magini}},{{FlowMention|Warmlaw}},{{FlowMention|Kenrick95}},{{FlowMention|Rachmat04}},{{FlowMention|Bonaditya}}","2016-08-07T12:12:52Z"
"Ahmad sucipto","t9585myqn877v812","Extra Sensory Perception","apa itu esp?","2016-08-06T14:43:34Z"
"Muhammad Andi Syahputra Nasution","t949hyh44ihng0rn","foto","bagaimana masukkan foto ke wikipedia","2016-08-06T04:21:14Z"
"Robbi bian","t943twyay003eim8","disksi tentang teknik","haii,,aku pendatang baru aku ingin belaja tentang teknik sipil","2016-08-06T02:40:01Z"
"H Budi Heryadi","t92y9ruw0wr419t4","bagaimana cara agar profil seseorang muncul di sebelah kanan google menggunakan wikipedia","Saya Ingin Memunculkan Halaman wikipedia saya di sebelah kanan pencarian google","2016-08-05T14:13:13Z"
"Soumia Azzagmouzi","t92sxqo7jkrievxb","penggunaan","Oh Sorry i can't speak Bahasa Indonesia","2016-08-05T12:37:25Z"
"Ariwidiantara482","t90nr2gqnuehpji1","Pelajaran","Saya Ingin tau ,Apakah Wikipedia bisa di gunakan dalam bidang pelajaran apapun...?","2016-08-04T13:31:27Z"
"36.72.181.72","t90mh0548sdjdgma","definisi Panama","manfaat definisi panama apa???????????","2016-08-04T13:54:00Z"
"Xoclateperbanas","t8zixrciavl2luke","Copyright Infringement","Halaman yang saya buat dianggap melanggar hak cipta, padahal saya adalah perwakilan resmi dari institusi yang bersangkutan. Bagaimana caranya agar halaman saya tidak dihapus lagi? dan bagaimana caranya supaya logo institusi yang saya unggah tidak dihapus karena dianggap melanggar hak cipta?","2016-08-04T01:18:35Z"
"AlexGrafika","t8u07f9vj39w9tgn","katagori bisnis usaha","saya ingin membuat halaman katagori bisnis usaha saya, dimana saya harus untuk memulai","2016-08-01T13:50:05Z"
"Nasta22xp","t8tnecmxvyg53cs1","bolehkan kalau yang berdetak merah diisikan halaman definisi berkaitan dengan tulisan itu ?","Bolehkah kalau yang bercetak  merah diisi definisi yang berkaitan dengan tulisan tersebut?","2016-08-01T10:00:06Z"
"Bimaaniswandaru","t8qwtwsb84m74t5s","Cara membuat Artikel Baru di Wikipedia Indonesia","Bagaimana cara membuat artikel baru atau membuat halaman baru tentang sebuah hal?  misal saya ingin membuat artikel film ""A"" yang belum dibuat di Wikipedia Indonesia tetapi saya ingin memulai membuat baru artikel film tersebut.","2016-07-31T04:30:11Z"
"Bryan Qhe","t8qlpd7le0c16saq","Bolehkah saya menyunting wikipedia negara Indonesia ?","Jika memang ini adalah privasi atau terlindungi, saya ingin menambahkan nama Viranagari Nusantara dalam nama tambahan dari Republik Indonesia baik itu Wikipedia Bahasa Indonesia dan Wikipedia Bahasa Inggris, seperti India yang memiliki nama lain Bharat Ganarajya dan begitu juga lainnya, bukan maksud apa-apa, ini agar dunia tahu tentang kita memiliki nama asli.","2016-07-31T01:10:24Z"
"J.P. Susanto","t8mvm2k53qaw0m58","Sejarah Desa Segobang","Maaf saya pengguna baru Wikipedia, kesulitan untuk edit atau menata paragraf yang setelah saya simpan berubah bentuknya. Bagaimana cara edit kembali ? Terimakasih.","2016-07-29T09:02:36Z"
"Folti Baffi","t8idbkjvn3qfo4d1","Tips pengguna baru?","Apakah ada tips untuk saya pengguna baru wikipedia yang ingin memposting beberapa tulisan agar tulisan yang saya buat dapat di lihat oleh orang-orang yang mengakses internet?  Terimakasih :)","2016-07-27T08:28:25Z"
"Presidenvolksraad","t8geu2jqgv5k237n","Cara hubungi pengguna lain?","Mbak, Bung, mohon panduannya kalau ingin menghubungi pengguna lain karena kebutuhan bersama, seperti berkoordinasi dalam penyuntingan, bagaimana caranya?  kan gan lucu kalau ngetag di sini.  {{FlowMention|Arxen}}","2016-07-26T11:22:45Z"
"Ferri092","t8clchd0qfoka7ht","Penyalahan wewenang!","Saya melihat bahwa pengguna {{FlowMention|Raymondkeren}} adalah seorang pengurus, tapi kenapa dia selalu merusak artikel yg sudah saya suting sesuai dengan fakta (memiliki referensi yg benar) dengan sudut pandang dia sendiri! dia mengedit artikel yg sudah saya perbaiki TANPA ADA BUKTI / REFERENSI yg dicantumkan!","2016-07-24T18:13:57Z"
"Wuekero","t855py6otdbqddb3","Apakah artikel yg dihapus bisa dimunculkan kembali","Saya menanyakan apakah artikel2 yang telah saya buat bisa dimunculkan kembali, sehingga bisa saya perbaiki, lengkapi dan rubah gaya bahasanya. Karena hampir 50 artikel yang saya buat telah dihapus, sedangkan saya sudah mengikuti aturan dan standar yang wiki terapkan.  Dan mengapa dari artikel yang hampir 100 artikel saya buat, hanya 50an yang dihapus, padahal format dan standar penulisannya saya sama semuanya. Itulah yang membuat saya makin giat rajin menulis artikel ini, karena diawal2 penulisan memang diberikan pengarahan oleh pengguna dan beberapa kali dihapus karena tidak mengikuti standar wiki, misalnya format standar dan pranala luar, atau referensi. Setelah melakukan koresponden dengan pengurus wiki, akhirnya artikel yg saya buat bisa dimuat dan tak dihapus lagi. Maka saya menulis lebih banyak bersumber dari buku yg sama.  Namun karena libur Lebaran, saya tidak membuka wiki hampir 2 mingguan, artikel yang saya buat, hampir 50an artikel dihapus semua ...  14 Juli 2016 13.13 [[Pengguna:Bonaditya|Bonaditya]] ([[Pembicaraan Pengguna:Bonaditya|bicara]] | [[Istimewa:Kontribusi pengguna/Bonaditya|kontrib]]) menghapus halaman [https://id.wikipedia.org/w/index.php?title=Boleh_Rujuk_Asal...&action=edit&redlink=1 Boleh Rujuk Asal...] (Penghapusan masal halaman-halaman yang dibuat oleh [[Istimewa:Kontribusi pengguna/Wuekero|Wuekero]]: hampir semua adalah hasil dari salin tempel situs lain)  Tolong kerjasamanya, agar saya masih bisa lanjut meneruskan dan membantu WIKI untuk banyak menyunting.","2016-07-21T10:08:21Z"
"Hamza Am","t83o0bettob18u7c","Biografi","Bagaimana cara nya membuat identitas seseorang?","2016-07-20T18:03:53Z"
"Wuekero","t83j1b1koqvv5zsp","hampir semua sutingan tentang film Indonesia yang saya buat dihapus","sudah hampir 3 bulan ini saya menulis tentang suntingan sinopsis perfilman indonesia, Data yang saya ambil dari buku Katalog Film Indonesia 1926-1995 karya JK Kristanto. Namun berapa kecewanya saya, hampir setengah sutingan yang saya buat dihapus. Seperti tidak menghargai keikutsertaan saya dalam melengkapi data.  Acuan dalam penulisan tersebut saya lampirkan pula pranaluar dari website  perfilman Indonesia yang kebetulan  juga bersumber dr buku yang sama. Apabila demikian aturannya, saya rasa hampir 100% suntingan film Indonesia tahun 1926 sd 1995 berasal dr sutingan yg sama, tetapi tidak dihapus sampai sekarang. Ada beberapa suntingan yg justru saya lengkapi dengan nama para pemainnya,(melihat filmnya di youtube) dan ada beberapa titik koma sinopsis yg saya sesuaikan dengan bahasa yang baik juga dibabat habis.  ini. Mengapa suntingan saya di awal2 dengan format yg sama justru tidak dihapus, walau awal2 diberi pengarahan cara penulisan yg bener, maka saya cantumkanlah narasumber dr buku karangan JB Kristanto tersebut lengkap dengan penerbit dan halamannya.","2016-07-20T17:39:07Z"
"Healthylove","t835wpfixu5c4jyt","artikel tidak terkena speedy delete","cara agar artikel diwikipedia tidak dihapus cepat atau jika mengedit tidak dikembalikan ke asal?bagaimana?","2016-07-20T12:38:52Z"
"Masbrayyy","t82mgcur94n9wqdb","kurang paham","kurang paham dengan cara ini tlong dbuat tour nya la biar lbh paham","2016-07-20T06:49:32Z"
"Barimin s","t81irpt31ucd0j1i","bagaimana carang mau buat foto profil ?","Mau membuat foto profil tapi tidak bisa,caranya bagai mans","2016-07-19T18:56:57Z"
"Sasaupb","t7y9l66b6ifvuql8","baru coba buat biodata tapi sudah dihapus","halaman [[Sasa Ani Arnomo]] bagaimana cara memperbaiki","2016-07-18T07:52:47Z"
"Widhiesofhieyehana","t7up5froq6mgbddu","cara membuat bionya gimana gan","kasih tau ya","2016-07-16T17:26:31Z"
"Acep mutaqin","t7unflirthjtap9t","met malam salam kenal semua nya","selamat malam.dan salam kenalsya mencba gabung disini, untuk mengetahui berita berita yg akurat dari daerah di pedesaan mengenai perkembangan pembangunan pedesaan","2016-07-16T16:55:41Z"
"Jamal standar 3","t7tbycuaeiyen850","cara menampilakan my biodata & my profil di (wikipedia) & halaman Google.","cara menampilakan my biodata & my profil di (wikipedia) & halaman Google.","2016-07-16T02:43:08Z"
"Danus dadan","t7sfdcgv214h0qk1","Artikel saya jangan di hapus dulu, akan saya revisi","Selamat malam.  Untuk Artikel saya yang telah dihapus, akan saya revisi lagi, mohon kerjasamanya. Terimakasih  Danus{{FlowMention|Mimihitam}}","2016-07-15T16:58:03Z"
"Irwan guntari","t7s9j9peeg5llck3","cara masukin profile","cara masukan data profile ke wikipedia bagaimana caranya? terima kasih","2016-07-15T15:13:16Z"
"Kemalfaqot","t7q867vhiz5pam5c","lebah madu trigona sp","Hallo,saya pengguna baru wikipedia yang i","2016-07-14T17:15:56Z"
"Bona pasogit","t7q5aqv1zsqwafb2","salam hormat pak , saya bona pasogit pengguna wikipedia yang baru saya kurang paham menggunakan wikipedia dalam membuat berita saya mohon pak untuk meminta bantuan pak","salam hormat pak , saya bona pasogit pengguna wikipedia yang baru saya kurang paham menggunakan wikipedia dalam membuat berita saya mohon pak untuk meminta bantuan pak","2016-07-14T16:24:19Z"
"Tiyo nugros","t7pncy72591hfj11","hou","tulis buku","2016-07-14T11:02:13Z"
"SalamIceTea","t7l021eer836ftfn","Bagaimana cara membagikan tautan 'perang mu'tah' ke facebook?","Gimana cara membagikan tautan tentang perang Mu'tah ke FB","2016-07-12T08:58:03Z"
"Salam TV","t7iqip6l4rx818tw","PAPUA KAL","saya ingin menyantumkan profil perusahaan saya di wikipedia , tapi saya tidak tau gmn caranya .. seperti contoh [[Masjid Istiqlal]], mohon bantuannya","2016-07-11T08:33:56Z"
"Kangdonat","t7gqe3ouerdud42w","apakah  arti automatis","automatis  adalah bahasa  manca  jika  di artikan bahasa indonesia  adalah  kira  kira apa ya?   juga   bahasa  jawa nya  automatis  ??","2016-07-10T10:58:47Z"
"Memid43Fachry","t7e5qpxxf71jnyp1","baru babung","gimana cara gabung diwekepedia","2016-07-09T07:15:08Z"
"Johnstad Di Maria","t7cn0ufzh70ql6hh","Pembicaraan","Selamat malam  Mungkin pertanyaan ini agak konyol, tapi bagaimana cara membalas pembicaraan di halaman pembicaraan pengguna?  Terimakasih","2016-07-08T14:52:35Z"
"Uzi amin","t7ad8d580c3iotbl","pertanyaan","saya buat artikel profil pemain sepak bola yang baru,tapi saya search di google belum muncul.Padahal referensinya jelas.Mohon Bantuannya ?","2016-07-07T14:23:55Z"
"Slamet Jarot","t79o94l1ayh5cdui","informasi bantuan","saya ingin membaca semua informasi yang saya daftarkan, dan bila ada informasi lain yang berhubungan dengan informasi saya, dapatkah saya sunting juga.  Bagaimana caranya menyunting, mohon di info kan, terima kasih{{FlowMention|Slamet Jarot}}","2016-07-07T06:55:23Z"
"Bobby januar","t79lravbwfi6o5t4","gimana cara nyunting nya ?? new","Tolong jwbnnya","2016-07-07T06:10:34Z"
"Simanullang0303","t786ynim60ejckm0","saya mau posting stasiun radio baru wilayah sumatera utara humbang hasundundutan dolok sanggul","namanya Green Radio 91,1 FM Dolok Sanggul Humbahas  sebelumya sudah saya buat tapi tidak berhasil mohon di bantu","2016-07-06T14:58:28Z"
"Hari akbar pertama","t77lnlnyd0k448x3","Bagaiman","Bagaimana cara publikasikan puisi yg saya buat","2016-07-06T08:35:52Z"
"Naufal L Hadi","t75szdhi2iyywq1g","bagaimana?","bagaimana saya mempublish artikel yang saya buat disini?","2016-07-05T13:14:35Z"
"Diandara indah","t73t3m9y4zs9fq1r","artikel saya tentang stand up comedian kak jek tolong di undelet pak bos","artikel saya tentang stand up comedian kak jek tolong di undelet pak bos","2016-07-04T15:43:50Z"
"Sherly vicktoria","t72ntjjzfhuvb0bq","cara mengaplod foto","Wikipadia:warung kopi(bantuan)","2016-07-04T03:22:36Z"
"Frengki adinata","t71mudrtvidnt5mg","pertanyaan","ini media gimana maksudnya","2016-07-03T16:18:38Z"
"Johnstad Di Maria","t6zi6q4lulv2w0fk","Abuse Filter","Selamat malam  Saya ingin bertanya. Saya telah selesai menerjemahkan artikel Sejarah Ukraina, hanya saja ketika ingin menerbitkan halaman ada peringatan tentang artikel spam. Padahal saya tidak memasukkan unsur apapun yang berbau spam.  Mohon bantuannya.  Terima Kasih  <nowiki>~~~~</nowiki>","2016-07-02T17:22:09Z"
"Muhammad wahyu romadhon","t6wi2jcry4hrbsny","cara memasukkan foto di wikipedia","Assalamualaikum warohmatullahi wabarokatuh.  salam hormat,Muhammad wahyu romadhon  Ana ingin bertanya bagaimana cara memasukkan foto saat membuat halaman di wikipedia?  Terima kasih.  wassalamualaikum warohmatullahi wabarokatuh","2016-07-01T09:00:46Z"
"MisbąĦul Muŋir","t6vbov6p3kwwj2q5","Baru masuk","Saya bingung masuk kesini, Apa ada yang bisa membantu saya. Terimah kasih","2016-06-30T20:19:47Z"
"Daud april","t6uufg7ozj8inw3v","bantuan","pak bos,gimana sumber berita dari wikipedia saya bagikan dengan facebook atau instagram? mohon bantuannya?","2016-06-30T15:09:49Z"
"Mtouriq","t6rnih0ws562vuyp","Ada kesalahan pada satu artikel, namun pengguna baru tidak dapat memperbaiki","Ada kesalahan pada artikel [[Daftar stasiun televisi di Indonesia]], dimana Nabawi TV disebutkan channel dari Malaysia. Yang seharusnya channel tersebut murni dari Indonesia.   Bagaimana cara memperbaikinya? dihalaman tersebut tertulis kalau pengguna baru tidak dapat menyunting sampai waktu yang tidak ditentukan.","2016-06-29T04:46:21Z"
"FAHRI NUSANTARA","t6l96n9p48y7ree7","menulis biografi diri sendiri","bisakah saya menulis biografi saya sendiri di wikipedia?","2016-06-26T07:50:29Z"
"Omas sulastri","t6i0a8fvyv7sb73c","bagaimana membuat profil pribadi","saya adalah pemula di wikipedia bagaimana cara menggunakan wikipedia ini","2016-06-24T20:51:22Z"
"Muhammad Diva Faundra","t6gqunohdge3pt2q","Salah menuliskan nama profil","Saya salah menuliskan nama saya yang seharusnya bernama Muhammad Diva Faundra justru salah mengetik menjadi Muhammad Duva Faundra,bagaimana cara mengubah nama saya menjadi yang benar?","2016-06-24T07:15:34Z"
"GigihSetyaji","t6g8x7fq14uhq2bm","Tanya Pengurus","Saya baru saja membuat halaman tapi kenapa sudah hilang lagi ya? halamannya Riau24com","2016-06-24T01:53:37Z"
"Defian Armadaniawan","t6efqsj803fj0ty9","Bertanya","Apa Ada Alamat Resmi Wikipedia Di Indonesia","2016-06-23T06:23:15Z"
"Jaelani030894","t6cz4bz7wvct76ov","BERTANYA","bagaimana saya bisa melakukan komunikasi dengan admin via email. mohon bantuan","2016-06-22T14:38:19Z"
"Bangkit Imanuel Sentosa","t6c7468wkm5ke8gh","Halaman ini telah dilindungi","Ka saya mau tanya, maksud ka Erick Fastman untuk melindungi [https://id.wikipedia.org/w/index.php?title=Kesenjangan_komunikasi_negara_barat_dan_timur&action=edit&redlink=1 Kesenjangan komunikasi negara barat dan timur] [Buat=Hanya untuk pengguna terdaftar otomatis] itu bagaimana ya ka? halaman saya dapat tampil atau saya harus buat ulang? mohon bimbingannya ka.","2016-06-22T06:15:28Z"
"Bangkit Imanuel Sentosa","t6bznsojm9vd8yl6","Tugas Universitas","Saya Bangkit, mahasiswa UNSERA semester 4, mau memberi informasi dan meminta bantuan para Admin terhormat, pengawas dan pengurus wikipedia untuk tidak menghapus artikel yang saya buat untuk tugas.  Saya harus membuat artikel yang bagaimana ya? boleh  saya minta referensi halaman contoh tugas proyeknya?  saya bingung.","2016-06-22T04:01:36Z"
"Ramli Tuansyah","t6bwzqkb3am2eu4o","BANTUAN UNTUK TUGAS SEKOLAH/UNIVERSITAS","salam sejahtera untuk semua, bisa minta tolong untuk tidak menghapus artikel saya yang berjudul '''''""komponen komunikasi internasional""''''' untuk memenuhi mata kuliah, terimakasih","2016-06-22T03:13:41Z"
"Jaelani030894","t69wuj3xspzh1p7n","help","<nowiki>ada orang disini~~~</nowiki>","2016-06-21T05:38:14Z"
"Jaelani030894","t69we7jbtqvrzy2q","revisi","selamat siang, bisa bantu saya untuk merevisi artikel di bawah ini, terimakasih  '''''<nowiki>{{Gnt:Undangan diskusi|Wikipedia:Artikel bagus/Usulan/SEJARAH SISTEM PEMBERITAAN INTERNASIONAL}}</nowiki>'''''","2016-06-21T05:30:05Z"
"Jaelani030894","t68x2h9b82lx1476","ARTIKEL","hai. selamat malam mimin cantik dan kece, tolong bantu saya untuk mengupload dan atrikel dari buku saya diterima di wikipedia, tolong tunjukan arahannya, terimakasihg :)","2016-06-20T18:55:46Z"
"Faizalakbar95","t66ks5ticbqvsae7","cara upload file pdf ke wikipedia","info dong cara upload file pdf ke wikipedia gmn ya?","2016-06-19T17:42:17Z"
"M Arif Munawar","t65mkhcr63jo9hby","Cara menambahkan Kategori","bagaimana cara untuk menambahkan kategori agar masuk kedalam kategori tersebut?","2016-06-19T07:27:56Z"
"Dwi Rizqa","t65ebrqni7sa3faf","artikel baru target spam","kenapa tulisan saya diberi pesan: ""Aksi ini secara otomatis telah diidentifikasi sebagai tindakan yang merusak, dan karenanya ditolak. Jika Anda yakin bahwa suntingan anda adalah suntingan yang bermanfaat, silakan hubungi pengurus, dan informasikan apa yang sedang Anda lakukan. Keterangan singkat tentang peraturan penyalahgunaan yang berkaitan dengan aksi Anda adalah: Artikel baru target spam"" ? mohon bantuannya","2016-06-19T04:59:56Z"
"Darsomabel","t64hghiajffs5czy","kebingunan","tolong bantu saya,bagaimana ketika topik ini selesai.ke rah mana kah","2016-06-18T19:09:44Z"
"Bona manullang 77","t64eteriobukh0rr","Bagaimana cara untuk mengecek apakah postingan diterima atau tidak?","min, tolong bantu infonya donk gmn caranya biar kita tahu udh berhasil atau tidaknya postingan yg kita buat ini..  Trims..","2016-06-18T18:22:18Z"
"Kurniabagas27","t649cf1sa6tyby2k","Kenapa revisi saya tidak muncul?","[[Pengguna:Kurniabagas27|Kurniabagas27]] ([[Pembicaraan Pengguna:Kurniabagas27|bicara]]) 18 Juni 2016 16.44 (UTC)","2016-06-18T16:44:03Z"
"Pio ode","t63y48tushjnqbu0","..??","bagaimana cara saya agar bisa nulis di sini...??","2016-06-18T13:22:27Z"
"Dwi Rizqa","t639vo6orniyu7to","Penyimpanan sebelum posting","bisakah tulisan disimpan sebelum diposting?","2016-06-18T07:51:46Z"
"Rossmiaty","t634vlq09wl86vfr","Cara agar tulisan tidak dihapus","bagaimana caranya agar tulisan saya bertahan di wiki dan tidak di hapus? Apakah ada tag khusus yg di gunakan pada suatu artikel Untuk menandai bahwa itu adalah tugas kuliah?  Mhon bantuannya karena saya masih baru. Terima kasih","2016-06-18T04:37:24Z"
"Jscjisoon9797","t60zct7d2t8cz85u","cara membuat biography","bagaimana caranya membuat biography , dan saya tidak tau caranya membuatnya .","2016-06-17T05:25:23Z"
"Wuekero","t5z1zm6f28i7jaue","Membuat data baru bersumber dari buku","Saya banyak koleksi buku yg memuat otobiografi terutama penyanyi dan artis film tahun 80an kebawah, artis jadul. Saya cari situs resmi Indonesia manapun belum ada yang membahas, dari detik.com, kapan lagi.com .... dan kalaupun ada hanya di kolom2 bloger, yg kurang lengkap,  Aturan penulisan wiki adalah narasumber yg jelas, dari url, atau dr sumber2 data tersebut di atas. Yang ada di situs tersebut manalah ada artis2 lama dibahas,  misalnya Kembar Group, May sumarna, Latief m (penyanyi dangdut), Km Bey Erry (pemimpin sandiwara ratu asia/pipit sandra), pelawak Jack Jhon, Dul Kamdi, seniman lenong (bu siti bokir, anen) dll  apakah dengan menulis otobigrafi tersebut dengan sumber buku, yg ditulis nama pengarang, penerbit, hal sudah cukup? kalau harus menunggu data dari sumber internet, siapa yang mau memulai ....  sepertinya sama permasalahannya dengan asep saifudin ... kita buat data benar dihapus, padaha kita menulis dr sumber yg jelas. Data dari internet (URL) tidak semuanya akurat .Mohon saranya demi kita bersama ...","2016-06-16T08:43:14Z"
"180.250.60.26","t5yhzjv7gxq6ld6m","melihat tanggal sunting terakhir","jika saya membuka wikipedia bagaimana saya tahu bahwa informasi yang disajikan merupakan data terbaru, bisakah ditampilkan tanggal sunting terakhir","2016-06-16T02:40:39Z"
"Asep Saifuddin","t5x07d50own034jo","Ada Masalah Membuat Otobiografi","Halo Nama  Saya Fajar. Saya Bekerja Di Kent Tattoo Studio Sebagai Illustrator, Saya Berniat Untuk Membuat Biografi Kent Yang Bernama Asli Yusepthia S. Soewardy. Ia Sudah Cukup Dikenal, Diberbagai Media Elektronik Maupun Cetak. Saya Sudah Mengantongi Semua Informasi Tentang Dia Dari A Sampai Z. Yang Secara Kebetulan Artikel Tentang Kent Tattoo Belum Ada Di Wikipedia. Saya Berharap Semua Masalah Bisa Terpecahkan Sesegera Mungkin, Saya Mendapatkan Berbagai Macam Kendala, Dimulai Dari Penghapusan Artikel Tanpa Ada Pemberitahuan Atau Toleransi Sama Sekali, Mohon Diperjelas Apa Yang Kurang Dan Yang Perlu Saya Sunting, Saya Mohon Bantuan Sesegera Mungkin ....  Terima Kasih !!","2016-06-24T19:32:35Z"
"Bima33ale","t5vlapcoikthfvv0","Cara agar artikel dimuat Wikipedia ?","setelah selesai menyimpan halaman artikel, apakah artikel saya sudah dapat dibaca oleh semua orang? atau apakah harus menunggu konfirmasi artikel dari tim wikipedia ?","2016-06-14T19:20:48Z"
"RH.Pa1000","t5o62owzguhb4u4i","Pahlawan Apakah Kapten Bongsu Pasaribu ?","Kapten Bongsu Pasaribu adalah nama banyak jalan di Sumatera Utara, seperti di Tapanuli Tengah dan Sibolga. Pahlawan apakah Kapten Bongsu Pasaribu ?","2016-06-11T11:22:27Z"
"Maura Fernanda Putri","t5o14wgb5mnbspns","cara membuat biodata diri sendiri di wikipedia dan bisa muncul di google search ?","cara membuat biodata diri sendiri di wikipedia dan bisa muncul di google search ?","2016-06-11T09:53:46Z"
"ZAHRAN62379","t5nzusbkn2klwjki","Bagaimana Menerjemahkan  Teks","Bagaimana Menerjemahkan Teks? Yang Benar","2016-06-11T09:30:46Z"
"Dimas Adhitya Maulana","t5fpou9qzsaq1wyv","Bagaimana cara mengembalikan nama yang sudah terhapus?","Saya mempunyai akun wikipedia dulu, dan saya membuat artikel dengan judul Viercella yang mana sekarang sudah dihapus karena keterbatasan saya menulis yang hanya sedikit. Dan sekarang saya ingin mengambil judul yang sama, apakah ini bisa? Karena judul itu sangat penting sekali bagi saya dan pembaca yang akan membacanya nanti, saya juga ingin memperbaiki sekaligus menambahi isi artikel yang sudah saya buat dulu. Terima kasih","2016-06-07T16:16:48Z"
"Muhammad imam wahyudi","t5azwaxi7o2blxqk","Salam Kicau Mania","hai wikipedia,bagainana caranya untuk menyimpan suara kicauan burung agar dapat bisa di download oleh semua pemirsa yang melihatbya.Thank You","2016-06-05T13:27:56Z"
"Frengky ayorbaba","t59aoftmo5hvnf2r","kontributor","Salam saya frengky, saya mau tanya ni . bagaimana caranya agar kita bisa bekerja sama untuk menjdi kontributor bagi tv suasta yang berada di wilaya indonesia yang blm ada kontributornya di manokwari papua barat","2016-06-04T19:08:40Z"
"Yusrizal Ghazali","t58y0y3t4phy3ipd","Saya ingin menampilkan hasil upload file saya","Hallo Wikipedia, saya mau bertanya bagaimana cara menanpilkan hasil upload foto dan artikel lainya di wikipedia ini?, terima kasih  {{FlowMention|Yusrizal Ghazali}}","2016-06-04T15:21:29Z"
"M Hanzi Ibal Tree Laksmana","t55msmbfogf9gn4l","gimana cara menambah topik","d","2016-06-03T03:40:31Z"
"36.76.108.25","t4qnwsaibakgtb7z","penyuntingan","kenapa halaman tidak dapat disunting apa penyebabnya ?","2016-05-27T10:24:06Z"
"Muhammad Debi","t4pv705bk2ef45lt","How to create new pages..?","saya ingin bertanya disini saya cara menyunting deksripsi itu bagai mana ya ..?  apa saya bisa memasukan tokoh yang dapat menjadi inspirasi dunia..?","2016-05-27T01:48:28Z"
"Binna nugraha","t4oydbpm5k1blo4h","Cara menambahkan image di wikipedia","Cara menambahkan image ke wikipedia untuk menambahkan image di profile artikel atau biodata artis gimana ya??  ""Wikipedia:Warung_kopi_(Bantuan)""","2016-05-26T15:59:03Z"
"Zikay23","t4ojkth6bhrudbzt","sejarah kerajaan siak","Menurut saya ada yang salah pada artikel sejarah kerajaan siak. Info yang saya ketahui sebagai masyarakat siak sudah beri pemahaman pada halaman pembahasan. Terimakasih","2016-05-26T11:36:53Z"
"Prima Pratama","t4o9hf9uxyclatun","hai saya prima","saya mau membuat wiki tentang saya atau orang lain bisa, tetapi belum pernah ada di wiki","2016-05-26T08:32:12Z"
"Jurus si Azga","t4jhn7sbextdtwte","cara mengubah nama pengguna di Wikipedia","","2016-05-24T05:06:35Z"
"Ilham Hamdani","t4btyulksrzyksb5","Cara Membuat Post/Tulisan Baru di Wikipedia","Salam Wikipediawan!  Saya ingin tahu tentang bagaimana cara memuat post artikel baru di Wikipedia yang baik dan benar?  Mohon arahannya....  Thanks!","2016-05-20T18:36:25Z"
"James Supratno","t49gqiij9lqxd3ya","Tentang Krebsmethod","Halo wikipedia. Di wiki Emil Krebs ternyata disalah gunakan orang pihak tidak bertanggung jawab, dengan menambahkan suntingan krebs method, dan menambahkan link ke krebamethod.co.id dan menjebak orang untuk membeli kursus bahasa dengan metode krebs.   Wikipedia seharusnya menindak hal ini karena digunakan pihak tidak bertanggung jawab utk menjebak orang orang.  Mohon dapat diverifikasi, dicek dan ditelusuri penipuan ini.  Terima kasih","2016-05-19T17:05:58Z"
"Wahyu satya","t44fzvfbjc1us79w","Memulai halaman baru","bagaimana caranya membuat laman com???","2016-05-17T11:00:32Z"
"Melisa pohan","t44awth99mi76wah","ikatan kovalen","ikatan kovalen antara 2 atom C yang berikatan rangkap dua melibatkan ?","2016-05-17T09:29:14Z"
"Bintang Surya Pratama","t43wtetuu4ffzu4i","Membuat artikel","permisi,saya ingin membuat artikel tentang ""program studi pendidikan guru sekolah dasar"" salah satu universitas,apakah itu termasuk artikel yang layak untuk dibuat?","2016-05-17T05:16:08Z"
"Theo alexandria","t41zirx14m9lbjwf","Cara menambahkan interwiki","Saya theo. Bagaimana cara tambah interwiki","2016-05-16T08:31:51Z"
"Nasyir Rouf","t3v6lamut9z0dvbn","Buat Biografi di Wikipedia","Jika saya ingin membuat Biografi saya di Wikipedia apakah bisa?  Mohon bantuannya.  Terima kasih","2016-05-13T07:13:47Z"
"Achmad Abdillah","t3uugs8d5seoem7t","newbie","saya newbie.gimana ya caranya untuk membuat artikel baru ?","2016-05-13T03:36:03Z"
"Yog4rt","t3okqrlcvmfekmrx","Bagaimana cara memulai halaman baru?","Bagaimana caranya?","2016-05-10T08:02:54Z"
"Aryo MW","t3obuep5k547kaf4","Cara memasukan gambar/logo","Saya Ingin mengunggah gambar dari google. Dan bagaimana cara mengunggahnya?","2016-05-10T05:23:06Z"
"Eldwin Tan Simanjuntak","t3n1p84y6z7r9azo","Profil","bagaimana kita buat profil kita sendiri agar dapat dilihat org ramai","2016-05-09T15:34:31Z"
"Farhan jezando","t3merxgpdp70rtub","Penggunaan huruf kapital","Permisi , saya ingin bertanya pada paragraf berikut  Di artikel [[Tari Gambyong]]  Pada mulanya tarian ini hanyalah tarian jalanan yang juga dipentaskan oleh penari jalanan yang biasa disebut dengan sebutan Tledek (Bahasa Jawa).<sup>[[Tari Gambyong|[5]]]</sup> Nama Tledek yang menarikan tarian ini adalah Gambyong, ia cukup terkenal hampir di seluruh wilayah Surakarta pada Zaman Sinuhun Paku Buwono IV ( 1788 s/d 1820).<sup>[[Tari Gambyong|[5]]]</sup> Si Gambyong memiliki suara yang indah serta gerakan yang gemulai, sehingga ia mudah dikenal orang.<sup>[[Tari Gambyong|[5]]]</sup> Semenjak itulah tarian yang dimainkannya dijuluki Tarian Gambyong.<sup>[[Tari Gambyong|[5]]]</sup>  Yang ingin saya tanyakan adalah, pada kata Zaman, mengapa ditulis dengan huruf kapital?  Mohon jawabannya segera, terima kasih","2016-05-09T08:45:41Z"
"Patrianus daka","t3guj0p6gmcdixvy","apa fungsi wikipedia","apa fungsi wikipedia","2016-05-06T20:47:09Z"
"Gusti Pakunegara","t3f4lnhnjnh123sz","Liat kembali artikel yg di buat","Bagaiamana cara mau melihat kembali artiketl yg pernah  kita tulis atau mau menambah artikel yang ada","2016-05-06T02:16:15Z"
"Dee Ann Rose","t3ak87txjdkt7nsp","Cara Mengubah Judul Utama","Bagaimana ya cara mengubah judul utamanya? Tidak bisa diedit. Terima kasih.","2016-05-04T01:03:37Z"
"Puchicatos","t37jlp71twr6ihr5","Hasil edit tidak langsung muncul?","Halo, mohon petunjuknya, saya melakukan beberapa edit  di halaman [[Kevin Julio]] tapi hasilnya tidak langsung muncul karena belum diperiksa. Namun sampai sekarang perubahannya belum juga direview oleh editor. Mohon perhatiannya.  Dan butuh berapa lama supaya hasil suntingan kita langsung muncul? Maaf, karena ini sedikit berbeda dengan wikipedia bahasa inggris.  Terima kasih  <nowiki>~~~~</nowiki>","2016-05-02T16:33:06Z"
"Jonathan dos","t36ol6ciadtrs51e","cara ganti title or judul di halaman wikipedia?","bagaimana cara ganti title or judul di halaman wikipedia?  Cara mudah untuk mengantikannya tetapi harus lihat petunjuk ada di wikipedia","2016-05-02T16:24:44Z"
"Agus Msalin","t35op49wpzws9plu","Cara Menampilkan Nama dan Foto di Google Search","Bagaimana Caranya Supaya Google Search Dapat Menemukan Nama Saya serta menampilkan Foto Di Samping Kanan, Seperti Mencari Nama Artis atau Orang-orang yang terkenal lainnya di Google Search??","2016-05-01T20:31:44Z"
"36.83.109.213","t34ycepidhr0p33t","apa yg di madsud mikri","hallo om apa kabar boleh tanya mikri artinya apa","2016-05-01T12:38:31Z"
"Sebastian dwight","t34orpilidleomvn","bagaimana cara membuat akun sendiri","Halo, semua apakah kita bisa membuat profil mengenai diri kita sendiri?   bagaimana caranya?","2016-05-01T09:46:35Z"
"Retnoajisan","t34o2h6wena0ma4j","Pengguna Baru","Halo Semuanya, oh yah saya ingin bertanya untuk ensiklopedia ini apakah membahas hanya orang-orang populer saja atau kita bisa buat ensiklopedia mengenai diri sendiri ?","2016-05-01T09:34:00Z"
